{"cameraMode":{"drawMode":0,"name":"Shaded","section":"Shading Mode"},"sceneLighting":false,"audioPlay":false,"sceneViewState":{"m_AlwaysRefresh":false,"showFog":true,"showSkybox":false,"showFlares":true,"showImageEffects":true,"showParticleSystems":true,"showVisualEffectGraphs":true,"m_FxEnabled":true},"in2DMode":false,"pivot":{"x":1.8408740758895875,"y":0.33007773756980898,"z":0.31388652324676516},"rotation":{"x":0.0014851869782432914,"y":-0.9445655941963196,"z":0.004258216358721256,"w":0.32829979062080386},"size":0.8660253882408142,"orthographic":false}