{"cameraMode":{"drawMode":0,"name":"Shaded","section":"Shading Mode"},"sceneLighting":false,"audioPlay":false,"sceneViewState":{"m_AlwaysRefresh":false,"showFog":true,"showSkybox":false,"showFlares":true,"showImageEffects":true,"showParticleSystems":true,"showVisualEffectGraphs":true,"m_FxEnabled":true},"in2DMode":false,"pivot":{"x":0.4482102394104004,"y":1.269974708557129,"z":0.21001803874969483},"rotation":{"x":-0.01270973775535822,"y":-0.9845740795135498,"z":0.15456154942512513,"w":-0.08111163973808289},"size":7.553648948669434,"orthographic":false}