{"cameraMode":{"drawMode":0,"name":"Shaded","section":"Shading Mode"},"sceneLighting":false,"audioPlay":false,"sceneViewState":{"m_AlwaysRefresh":false,"showFog":true,"showSkybox":false,"showFlares":true,"showImageEffects":true,"showParticleSystems":true,"showVisualEffectGraphs":true,"m_FxEnabled":true},"in2DMode":false,"pivot":{"x":-0.1822931319475174,"y":0.37075504660606387,"z":0.11334371566772461},"rotation":{"x":0.002736861351877451,"y":-0.9949933886528015,"z":0.09582358598709107,"w":0.028370434418320657},"size":0.8660253882408142,"orthographic":false}