{"cameraMode":{"drawMode":0,"name":"Shaded","section":"Shading Mode"},"sceneLighting":true,"audioPlay":false,"sceneViewState":{"m_AlwaysRefresh":false,"showFog":true,"showSkybox":true,"showFlares":true,"showImageEffects":true,"showParticleSystems":true,"showVisualEffectGraphs":true,"m_FxEnabled":true},"in2DMode":false,"pivot":{"x":4.160452365875244,"y":3.5950028896331789,"z":0.2954530715942383},"rotation":{"x":0.054014936089515689,"y":-0.9458030462265015,"z":0.21647955477237702,"w":0.23597440123558045},"size":4.166025161743164,"orthographic":false}