{"cameraMode":{"drawMode":0,"name":"Shaded","section":"Shading Mode"},"sceneLighting":true,"audioPlay":false,"sceneViewState":{"m_AlwaysRefresh":false,"showFog":true,"showSkybox":true,"showFlares":true,"showImageEffects":true,"showParticleSystems":true,"showVisualEffectGraphs":true,"m_FxEnabled":true},"in2DMode":false,"pivot":{"x":4.6512980461120609,"y":2.6599678993225099,"z":0.6390290260314941},"rotation":{"x":0.06369807571172714,"y":-0.9342300891876221,"z":0.2782863974571228,"w":0.21382655203342439},"size":-0.3339744210243225,"orthographic":false}