{"cameraMode":{"drawMode":0,"name":"Shaded","section":"Shading Mode"},"sceneLighting":false,"audioPlay":false,"sceneViewState":{"m_AlwaysRefresh":false,"showFog":true,"showSkybox":false,"showFlares":true,"showImageEffects":true,"showParticleSystems":true,"showVisualEffectGraphs":true,"m_FxEnabled":true},"in2DMode":false,"pivot":{"x":-0.07585737109184265,"y":0.14669281244277955,"z":0.1848268061876297},"rotation":{"x":-0.001561019103974104,"y":-0.9977893233299255,"z":-0.025439629331231118,"w":0.061447273939847949},"size":0.7330126762390137,"orthographic":false}