{"cameraMode":{"drawMode":0,"name":"Shaded","section":"Shading Mode"},"sceneLighting":false,"audioPlay":false,"sceneViewState":{"m_AlwaysRefresh":false,"showFog":true,"showSkybox":false,"showFlares":true,"showImageEffects":true,"showParticleSystems":true,"showVisualEffectGraphs":true,"m_FxEnabled":true},"in2DMode":false,"pivot":{"x":-1.237303614616394,"y":-1.3581877946853638,"z":1.365860939025879},"rotation":{"x":0.35002434253692629,"y":-0.05362946540117264,"z":0.020063556730747224,"w":0.9349932074546814},"size":2.9080984592437746,"orthographic":false}